variant	unit_id	label
@	SU_0083	Elle
aas	SU_0403	Aas
aaz.	SU_0403	Aas
alak	SU_0379	Alak
alcatief gos	SU_0419	Alcatief gos
ammanam	SU_0048	Ammanam
ammonam	SU_0369	Ammonam
amsterdamse el	SU_0082	Amsterdamse el
amsterdamse elle	SU_0082	Amsterdamse el
ana	SU_0414	Ana
anas sikka	SU_0399	Anas Sikka
anna	SU_0414	Ana
annenam	SU_0048	Ammanam
aune	SU_0083	Elle
avossi	SU_0468	Avossi
baal	SU_0474	Baal
baar	SU_0007	Bahar
bahar	SU_0007	Bahar
bamboes	SU_0353	Bamboes
basaarsges	SU_0434	Basaarsges
bazaars ceer	SU_0394	Bazaars Ceer
bazaars cobido	SU_0411	Bazaars Cobido
bazaars maon	SU_0391	Bazaars Maon
bazarie	SU_0421	Bazarie
bhaar	SU_0007	Bahar
bhaar (engels)	SU_0485	Bhaar (Engels)
bhaar (frans)	SU_0486	Bhaar (Frans)
bhaar (hollands)	SU_0487	Bhaar (Hollands)
bidoor	SU_0365	Bidoor
boesoe	SU_0362	Boesoe
bos	SU_0021	Bos
boschmaat	SU_0352	Boschmaat
brootchiasche ceer	SU_0459	Brootchiasche Ceer
brootchiasche ges	SU_0098	Ges
cadje	SU_0024	Kati
cafla	SU_0447	Cafla
calange	SU_0060	Calange
calingie	SU_0060	Calange
callang	SU_0484	Callang
canaat	SU_0465	Canaat
candil	SU_0106	Kandijl
candyl	SU_0106	Kandijl
caraat	SU_0042	Karaat
caraat hollandsch	SU_0042	Karaat
casje	SU_0462	Casje
catja cheer	SU_0393	Ceer Katja
catje	SU_0024	Kati
catjes chinasch	SU_0463	Catjes Chinasch
catjes-gewigt	SU_0024	Kati
catsy	SU_0024	Kati
catti	SU_0024	Kati
cattie	SU_0024	Kati
cattij	SU_0024	Kati
catty	SU_0024	Kati
ceer	SU_0067	Ceer
ceer bombaysch	SU_0460	Ceer Bombaysch
ceer katja	SU_0393	Ceer Katja
ceer ketsja	SU_0393	Ceer Katja
ceer pakka	SU_0425	Ceer Pakka
ceer souratsch	SU_0441	Souratsche Ceer
cheer	SU_0067	Ceer
chimmekit	SU_0380	Chimmekit
chioendoe	SU_0368	Chioendoe
chioep	SU_0359	Chioep
chouw	SU_0429	Chouw
cingok	SU_0478	Cingok
clapperdop	SU_0354	Clapperdop
cobdido	SU_0069	Cobido
cobido	SU_0069	Cobido
cobit	SU_0069	Cobido
cobs.	SU_0069	Cobido
coebang	SU_0361	Coebang
coelang	SU_0060	Calange
coenjang	SU_0020	Cojang
coent.	SU_0020	Cojang
coentjang	SU_0020	Cojang
coerni	SU_0370	Coerni
cojang	SU_0020	Cojang
compagnies cobido	SU_0410	Compagnies Cobido
compagnies kan	SU_0015	Compagnies Kan
compagnies maon	SU_0390	Compagnies maon
compagnies pawa	SU_0499	Compagnies Pawa
condaryn	SU_0454	Conderyn
conderyn	SU_0454	Conderyn
conjang	SU_0020	Cojang
corge	SU_0072	Corge
corgi	SU_0072	Corge
corgie	SU_0072	Corge
cote	SU_0382	Cote
cotta nevel	SU_0504	Cotta nevel
cotty	SU_0371	Cotty
coyangh	SU_0020	Cojang
cubido	SU_0069	Cobido
cubite	SU_0069	Cobido
dabb.	SU_0501	Dabboes
dabboes	SU_0501	Dabboes
dubbelde parra	SU_0375	Dubbele Parra
dubbele mediet	SU_0387	Dubbele mediet
dubbele parra	SU_0375	Dubbele Parra
duim	SU_0028	Duim
duim groote maat	SU_0514	Grote Duim (Japans)
duim hollands	SU_0028	Duim
duim hollandsch	SU_0028	Duim
duim japanse	SU_0513	Kleine Duim (Japans)
duim rijnlandsch	SU_0357	Rijnlandsche duim
duym	SU_0028	Duim
el	SU_0464	El
el (engels)	SU_0490	El (Engels)
el (frans)	SU_0491	El (Frans)
el hollands	SU_0083	Elle
el hollandsch	SU_0083	Elle
el in 't vierkant	SU_0464	El
el.	SU_0083	Elle
ell	SU_0083	Elle
elle	SU_0083	Elle
elle hollandsch	SU_0083	Elle
elle-maat	SU_0083	Elle
ellemaat	SU_0083	Elle
ellen	SU_0083	Elle
engels	SU_0084	Engels
engelsche bhaar	SU_0485	Bhaar (Engels)
engelsche el	SU_0490	El (Engels)
engelsche pond	SU_0012	Pond (Engels)
engelsche yard	SU_0431	Yard
enkelde mediet	SU_0367	Mediet
fanum	SU_0480	Fanum
fiackgok	SU_0477	Fiackgok
fransche bhaar	SU_0486	Bhaar (Frans)
fransche el	SU_0491	El (Frans)
frasel	SU_0445	Frasila
frasila	SU_0445	Frasila
fust	SU_0358	Fust
gantang	SU_0095	Gantang
ganting	SU_0095	Gantang
garisa	SU_0483	Garst
gars	SU_0483	Garst
garsje	SU_0511	Garsje
garst	SU_0483	Garst
geeikte ges	SU_0433	Geeikte ges
gemeene kan	SU_0014	Kan
ges	SU_0098	Ges
ges souratsch	SU_0442	Ges Souratsch
goelak	SU_0356	Goelak
gok	SU_0475	Gok
grein	SU_0415	Grijn
grijn	SU_0415	Grijn
groote balie	SU_0452	Groote balie
groote baly	SU_0452	Groote balie
groote bhaar	SU_0497	Groote Bhaar
groote candyl	SU_0495	Groote Candyl
grote duim (japans)	SU_0514	Grote Duim (Japans)
grote wiese	SU_0507	Grote Wiese
gryn	SU_0415	Grijn
half musje	SU_0458	Half musje
halfje	SU_0345	Halve kan
halve kan	SU_0345	Halve kan
halve kit	SU_0348	Halve Kit
halve markal	SU_0377	Halve markal
halve mediet	SU_0376	Halve mediet
halve parra	SU_0374	Halve parra
halve pint	SU_0346	Halve pint
harria	SU_0426	Harria
hebreutie	SU_0469	Hebreutie
heele kan	SU_0015	Compagnies Kan
heemraade-bos	SU_0022	Heemraade-Bos
hollands amsteldam	SU_0028	Duim
hollands gewicht	SU_0011	Pond (VOC)
hollands pond	SU_0011	Pond (VOC)
hollandsch	SU_0083	Elle
hollandsch gewicht	SU_0011	Pond (VOC)
hollandsche bhaar	SU_0487	Bhaar (Hollands)
hollandsche duim	SU_0028	Duim
hollandsche elle	SU_0083	Elle
hollansche pond	SU_0011	Pond (VOC)
ikje	SU_0470	Ikje
inlandsche ges	SU_0098	Ges
jaar	SU_0431	Yard
japanse duim	SU_0513	Kleine Duim (Japans)
japanse voet	SU_0471	Voet (Japans)
java's last	SU_0349	Java's Last
kalsie	SU_0435	Kalsies
kalsies	SU_0435	Kalsies
kan	SU_0014	Kan
kandijl	SU_0106	Kandijl
karaat	SU_0042	Karaat
kati	SU_0024	Kati
katja seer	SU_0393	Ceer Katja
katje	SU_0024	Kati
kel	SU_0449	Kel
ketsja maon	SU_0424	Maon Ketsja
kipping	SU_0366	Kipping
kipps.	SU_0366	Kipping
kit	SU_0017	Kit
kit met kopere lip	SU_0017	Kit
kleine bhaar	SU_0498	Kleine Bhaar
kleine candyl	SU_0496	Kleine Candyl
kleine duim (japans)	SU_0513	Kleine Duim (Japans)
kleine voet	SU_0515	Kleine Voet (Japans)
kleine voet (japans)	SU_0515	Kleine Voet (Japans)
kleine wiese	SU_0508	Kleine Wiese
koetika	SU_0422	Koetika
kojang	SU_0020	Cojang
koker	SU_0364	Tampang
koyan	SU_0020	Cojang
koyang	SU_0020	Cojang
kraat	SU_0042	Karaat
last	SU_0116	Last
lb	SU_0012	Pond (Engels)
lood	SU_0034	Loot
loot	SU_0034	Loot
maas	SU_0451	Maas
maat	SU_0278	Maat
madrasse garst	SU_0493	Madrasse Garst
madrasse markal	SU_0494	Madrasse Markal
man	SU_0124	Man
manderijns cobido	SU_0455	Manderijns Cobido
mangelie	SU_0041	Mangely
mangelin	SU_0041	Mangely
mangely	SU_0041	Mangely
manicom	SU_0509	Manicom
manjadie	SU_0041	Mangely
mansjadie	SU_0041	Mangely
manties	SU_0124	Man
mantjes	SU_0124	Man
mao	SU_0124	Man
maon	SU_0390	Compagnies maon
maon (engels)	SU_0461	Maon (Engels)
maon katja	SU_0390	Compagnies maon
maon ketsja	SU_0424	Maon Ketsja
maon pakka	SU_0392	Maon Pakka
maon souratsch	SU_0443	Maon Suratsch
maon suratsch	SU_0443	Maon Suratsch
marcq	SU_0126	Mark
mark	SU_0126	Mark
mark trois	SU_0036	Mark trois
markaal	SU_0127	Markal
markal	SU_0127	Markal
massa	SU_0398	Massa
maun	SU_0124	Man
maund	SU_0124	Man
mauw	SU_0502	Mauw
medied	SU_0367	Mediet
mediet	SU_0367	Mediet
mochasche ges	SU_0098	Ges
mookje	SU_0467	Mookje
muddeke	SU_0003	Mutsje
munts maon	SU_0408	Munts Maon
musje	SU_0003	Mutsje
mutsje	SU_0003	Mutsje
nagapatnamse maat	SU_0492	Nagapatnamse Maat
nederlandsch	SU_0011	Pond (VOC)
nederlandsch pond	SU_0011	Pond (VOC)
neli	SU_0401	Neli
nili	SU_0401	Neli
once	SU_0033	Ons
once holl.	SU_0033	Ons
once hollandsch	SU_0033	Ons
once trois	SU_0437	Once trois
ons	SU_0033	Ons
ordinaire gos	SU_0418	Ordinaire gos
pacca cheer	SU_0425	Ceer Pakka
pacca zeer	SU_0425	Ceer Pakka
packa cheer	SU_0425	Ceer Pakka
paens ceerie	SU_0395	Paens Ceerie
pagood	SU_0479	Pagood
pak	SU_0289	Pak
pakka retti	SU_0404	Pakka Retti
palam	SU_0383	Pallam
palie	SU_0440	Palie
pallam	SU_0383	Pallam
pantsera	SU_0416	Pantseras
pantseras	SU_0416	Pantseras
parra	SU_0149	Parra
patta nefel	SU_0505	Patta nefel
patta nevel	SU_0505	Patta nefel
patti	SU_0444	Patti
pees	SU_0292	pees
peis	SU_0436	Peis
pelle	SU_0373	Pelle
pherra	SU_0438	Pherra
picol	SU_0155	Pikol
pikol	SU_0155	Pikol
pint	SU_0157	Pint
pintje	SU_0157	Pint
pond	SU_0011	Pond (VOC)
pond (engels)	SU_0012	Pond (Engels)
pond (frans)	SU_0453	Pond (Frans)
pond (voc)	SU_0011	Pond (VOC)
pond engelsch	SU_0012	Pond (Engels)
pond fransch	SU_0453	Pond (Frans)
pond hollands	SU_0011	Pond (VOC)
pond hollandsch	SU_0011	Pond (VOC)
pouw	SU_0405	Pouw
ps	SU_0292	pees
ps.	SU_0292	pees
puntos	SU_0412	Puntos
qattie nevel	SU_0506	Qattie nevel
quart	SU_0489	Quart mediet
quart kan	SU_0347	Quart Kan
quart markal	SU_0378	Quart Markal
quart mediet	SU_0489	Quart mediet
quart parra	SU_0389	Quart Parra
reaal	SU_0035	Reaal
retti	SU_0400	Retti
rijnlandsche duim	SU_0357	Rijnlandsche duim
rijnlandsche voet	SU_0027	Rijnlandse Voet
rijnlandse roede	SU_0026	Rijnlandse Roede
rijnlandse voet	SU_0027	Rijnlandse Voet
roe	SU_0172	Roede
roede	SU_0172	Roede
roede rijnlandsch	SU_0026	Rijnlandse Roede
roeij	SU_0172	Roede
ropia	SU_0363	Ropia
ropy	SU_0363	Ropia
sa. rop	SU_0409	Sikka Ropij
sanga	SU_0350	Sanga
sattak	SU_0406	Settak
seer katja	SU_0393	Ceer Katja
seer parra	SU_0425	Ceer Pakka
ser	SU_0067	Ceer
serre	SU_0067	Ceer
settak	SU_0406	Settak
siccandrie	SU_0420	Siccandrie
sigok	SU_0476	Sigok
sikka	SU_0417	Sikka
sikka ropia	SU_0409	Sikka Ropij
sikka ropij	SU_0409	Sikka Ropij
sikka-ropy	SU_0409	Sikka Ropij
sjatak	SU_0396	Sjatak
sjouw	SU_0429	Chouw
souratsch candyl	SU_0439	Souratsch Candyl
souratsche ceer	SU_0441	Souratsche Ceer
souratsche ges	SU_0442	Ges Souratsch
stuiver	SU_0037	Stuivers
stuivers	SU_0037	Stuivers
stuks	SU_0292	pees
tacker	SU_0343	Tacker
taille	SU_0032	Taille
talie	SU_0032	Taille
talies	SU_0032	Taille
tampang	SU_0364	Tampang
tang	SU_0428	Tang
tankan	SU_0500	Tankan
tayel	SU_0187	Taël
taël	SU_0187	Taël
tessoe	SU_0432	Tessoe
thail	SU_0187	Taël
thayl	SU_0187	Taël
theil	SU_0187	Taël
thok	SU_0482	Tok
thola	SU_0413	Thola
thola katja	SU_0402	Thola Katja
thola pakka	SU_0397	Thola Pakka
thoman	SU_0450	Thoman
thool	SU_0413	Thola
timmermans cobido	SU_0457	Timmermans Cobido
ting	SU_0095	Gantang
tjaing	SU_0023	Tjajang
tjajang	SU_0023	Tjajang
tjitthur maon	SU_0407	Tjitthur Maon
toelan	SU_0384	Toelang
toelang	SU_0384	Toelang
toembak	SU_0029	Toembak
tok	SU_0482	Tok
tola	SU_0413	Thola
tomb	SU_0510	Tomb
tomb.	SU_0510	Tomb
vaam	SU_0344	Vaam
vadem	SU_0199	Vadem
voet	SU_0360	Voet
voet (japans)	SU_0471	Voet (Japans)
voet rijnlandsch	SU_0027	Rijnlandse Voet
waal	SU_0427	Waal
wackeya	SU_0446	Wackeya
wassa	SU_0430	Wassa
waterloot	SU_0040	Waterloot
wiesch	SU_0488	Wiese
wiese	SU_0488	Wiese
wiese groot	SU_0507	Grote Wiese
wiese klein	SU_0508	Kleine Wiese
winkeliers cobido	SU_0456	Winkeliers Cobido
wisse	SU_0503	Wisse
yard	SU_0431	Yard
yze	SU_0512	Yze
zork	SU_0466	Zork